{"loss": [3.0001332759857178, 1.6399613618850708, 1.5566034317016602, 1.489383339881897, 1.3322304487228394, 1.1505663394927979, 1.0286959409713745, 0.9308006167411804, 0.9869657754898071, 0.7392324209213257], "accuracy": [0.20502091944217682, 0.2092050164937973, 0.284518837928772, 0.36401674151420593, 0.5355648398399353, 0.569037675857544, 0.6569037437438965, 0.6652719378471375, 0.6150627732276917, 0.7405857443809509], "val_loss": [1.6232917308807373, 1.5135424137115479, 1.4566516876220703, 1.3553760051727295, 1.1242306232452393, 0.9251726269721985, 0.9038982391357422, 0.850132405757904, 0.8745887875556946, 0.5619922280311584], "val_accuracy": [0.26778241991996765, 0.3682008385658264, 0.5648535490036011, 0.6192468404769897, 0.6652719378471375, 0.6192468404769897, 0.7280334830284119, 0.6861924529075623, 0.6108786463737488, 0.8033472895622253]}